<ApplicationInfo xmlns:xsd="http://www.w3.org/2001/XMLSchema" xmlns:xsi="http://www.w3.org/2001/XMLSchema-instance" ToolVersion="1.8.3.0">
  <Name>install.ps1</Name>
  <UnencryptedContentSize>693</UnencryptedContentSize>
  <FileName>datto.intunewin</FileName>
  <SetupFile>install.ps1</SetupFile>
  <EncryptionInfo>
    <EncryptionKey>jobB9Ga7J3CbO6acWJyvBRE56nFXwqGfcnGfZRMsJC4=</EncryptionKey>
    <MacKey>53SOzs0l6Po2btsGFSMZgkV8vwhH+PxTN8BZDUcfWfg=</MacKey>
    <InitializationVector>VjM/osrvPElbu79J+mdXuw==</InitializationVector>
    <Mac>UZZXO53Np/tG6Ms+qvwLcNOeD1GRH6NRPFg/TuMz39M=</Mac>
    <ProfileIdentifier>ProfileVersion1</ProfileIdentifier>
    <FileDigest>KtAWAl29064LG0eyDinbDs0JUbK+EK7GsJovu8obBM4=</FileDigest>
    <FileDigestAlgorithm>SHA256</FileDigestAlgorithm>
  </EncryptionInfo>
</ApplicationInfo>