<ApplicationInfo xmlns:xsd="http://www.w3.org/2001/XMLSchema" xmlns:xsi="http://www.w3.org/2001/XMLSchema-instance" ToolVersion="1.8.3.0">
  <Name>install.ps1</Name>
  <UnencryptedContentSize>728</UnencryptedContentSize>
  <FileName>syncro.intunewin</FileName>
  <SetupFile>install.ps1</SetupFile>
  <EncryptionInfo>
    <EncryptionKey>XsBprXNg7cPsNS7YfRarT1zcSoL6/EF+c2dAjkhfuwk=</EncryptionKey>
    <MacKey>c4xkRYZg/r/h1xUD1172Tmr877nDXIoa3wuQnj0dpLQ=</MacKey>
    <InitializationVector>OE7D78wJtXIpVESqaZAiWw==</InitializationVector>
    <Mac>2m0nbXMdYK9dQgtjZraz3VsSxQlbO0jabpTaUjPg8I8=</Mac>
    <ProfileIdentifier>ProfileVersion1</ProfileIdentifier>
    <FileDigest>gPccLH2ZAerHl8aYGYTxWmC8mnpJncTKBw5BX4IpH+g=</FileDigest>
    <FileDigestAlgorithm>SHA256</FileDigestAlgorithm>
  </EncryptionInfo>
</ApplicationInfo>