{
  "version": "2.0",
  "managedDependency": {
    "enabled": false
  },
  "extensionBundle": {
    "id": "Microsoft.Azure.Functions.ExtensionBundle",
    "version": "[4.26.0, 5.0.0)"
  },
  "functionTimeout": "00:10:00",
  "extensions": {
    "durableTask": {
      "maxConcurrentActivityFunctions": 1,
      "maxConcurrentOrchestratorFunctions": 5,
      "tracing": {
        "distributedTracingEnabled": false,
        "version": "None"
      },
      "defaultVersion": "8.8.2",
      "versionMatchStrategy": "Strict",
      "versionFailureStrategy": "Fail"
    }
  }
}
